No,A,B,S,C,HP,Win,Frame
2,5,0,5,6,52,1,564
0,5,0,5,6,50,1,623
5,5,0,5,6,55,2,1218
1,5,0,5,6,51,2,1262
3,5,0,5,6,53,0,0
7,5,0,5,6,57,1,681
4,5,0,5,6,54,1,707
6,5,0,5,6,56,0,0
9,5,0,5,6,59,2,1238
10,5,0,5,6,60,2,1344
8,5,0,5,6,58,1,744
12,5,0,5,9,51,1,608
11,5,0,5,9,50,1,736
16,5,0,5,9,55,2,938
13,5,0,5,9,52,0,0
14,5,0,5,9,53,1,580
17,5,0,5,9,56,2,1187
15,5,0,5,9,54,1,675
18,5,0,5,9,57,2,1183
19,5,0,5,9,58,0,0
21,5,0,5,9,60,2,1211
20,5,0,5,9,59,1,613
22,5,0,5,11,50,2,1341
23,5,0,5,11,51,1,655
24,5,0,5,11,52,2,1160
25,5,0,5,11,53,1,635
27,5,0,5,11,55,2,1136
28,5,0,5,11,56,1,605
26,5,0,5,11,54,0,0
29,5,0,5,11,57,1,645
30,5,0,5,11,58,1,585
32,5,0,5,11,60,0,0
33,5,0,5,14,50,1,612
34,5,0,5,14,51,1,599
31,5,0,5,11,59,2,1419
35,5,0,5,14,52,1,552
36,5,0,5,14,53,1,566
37,5,0,5,14,54,2,1225
39,5,0,5,14,56,1,570
40,5,0,5,14,57,1,609
41,5,0,5,14,58,2,1297
38,5,0,5,14,55,0,0
42,5,0,5,14,59,1,626
44,5,3,5,6,50,1,617
49,5,3,5,6,55,1,643
43,5,0,5,14,60,2,1429
47,5,3,5,6,53,2,1127
45,5,3,5,6,51,2,1168
48,5,3,5,6,54,1,609
51,5,3,5,6,57,2,1121
50,5,3,5,6,56,1,631
46,5,3,5,6,52,1,665
57,5,3,5,9,52,1,551
52,5,3,5,6,58,1,650
53,5,3,5,6,59,1,563
56,5,3,5,9,51,1,546
54,5,3,5,6,60,2,1243
59,5,3,5,9,54,1,602
58,5,3,5,9,53,1,627
60,5,3,5,9,55,0,0
55,5,3,5,9,50,2,1394
61,5,3,5,9,56,1,598
65,5,3,5,9,60,2,1030
63,5,3,5,9,58,1,606
66,5,3,5,11,50,0,0
62,5,3,5,9,57,2,1268
67,5,3,5,11,51,1,557
64,5,3,5,9,59,0,0
68,5,3,5,11,52,1,555
70,5,3,5,11,54,2,1298
76,5,3,5,11,60,0,0
69,5,3,5,11,53,1,665
73,5,3,5,11,57,2,1138
71,5,3,5,11,55,1,645
74,5,3,5,11,58,2,1238
77,5,3,5,14,50,2,1245
72,5,3,5,11,56,1,643
75,5,3,5,11,59,2,1372
80,5,3,5,14,53,1,587
78,5,3,5,14,51,2,1228
79,5,3,5,14,52,2,1243
81,5,3,5,14,54,1,643
84,5,3,5,14,57,1,582
83,5,3,5,14,56,1,586
82,5,3,5,14,55,0,0
85,5,3,5,14,58,2,1245
87,5,3,5,14,60,1,626
89,5,5,5,6,51,1,568
86,5,3,5,14,59,1,645
90,5,5,5,6,52,1,576
91,5,5,5,6,53,1,562
93,5,5,5,6,55,1,587
92,5,5,5,6,54,2,1299
100,5,5,5,9,51,0,0
96,5,5,5,6,58,1,652
94,5,5,5,6,56,1,594
95,5,5,5,6,57,1,625
97,5,5,5,6,59,1,678
103,5,5,5,9,54,1,583
99,5,5,5,9,50,2,1152
101,5,5,5,9,52,1,484
105,5,5,5,9,56,1,561
98,5,5,5,6,60,0,0
104,5,5,5,9,55,0,0
102,5,5,5,9,53,1,944
106,5,5,5,9,57,2,1237
108,5,5,5,9,59,2,1209
107,5,5,5,9,58,2,1252
109,5,5,5,9,60,1,570
111,5,5,5,11,51,1,584
110,5,5,5,11,50,2,1334
113,5,5,5,11,53,0,0
112,5,5,5,11,52,0,0
115,5,5,5,11,55,2,1312
116,5,5,5,11,56,0,0
117,5,5,5,11,57,2,1242
114,5,5,5,11,54,2,1518
118,5,5,5,11,58,2,1297
119,5,5,5,11,59,1,722
120,5,5,5,11,60,1,573
124,5,5,5,14,53,0,0
121,5,5,5,14,50,2,1232
123,5,5,5,14,52,1,901
126,5,5,5,14,55,2,1206
125,5,5,5,14,54,2,1249
122,5,5,5,14,51,1,644
127,5,5,5,14,56,2,1227
128,5,5,5,14,57,1,814
129,5,5,5,14,58,1,591
136,5,8,5,6,54,1,598
132,5,8,5,6,50,2,1332
133,5,8,5,6,51,1,639
131,5,5,5,14,60,0,0
134,5,8,5,6,52,1,641
130,5,5,5,14,59,0,0
137,5,8,5,6,55,2,1158
135,5,8,5,6,53,0,0
141,5,8,5,6,59,2,1122
139,5,8,5,6,57,2,1147
140,5,8,5,6,58,2,1206
142,5,8,5,6,60,2,1145
138,5,8,5,6,56,1,761
143,5,8,5,9,50,0,0
144,5,8,5,9,51,1,626
147,5,8,5,9,54,1,587
146,5,8,5,9,53,2,1200
145,5,8,5,9,52,1,625
149,5,8,5,9,56,2,1251
155,5,8,5,11,51,1,549
148,5,8,5,9,55,1,589
151,5,8,5,9,58,0,0
152,5,8,5,9,59,0,0
153,5,8,5,9,60,2,1173
150,5,8,5,9,57,0,0
88,5,5,5,6,50,2,1212
156,5,8,5,11,52,1,604
157,5,8,5,11,53,1,644
159,5,8,5,11,55,2,1049
154,5,8,5,11,50,0,0
161,5,8,5,11,57,1,602
158,5,8,5,11,54,2,1287
163,5,8,5,11,59,1,643
160,5,8,5,11,56,1,666
162,5,8,5,11,58,1,577
165,5,8,5,14,50,0,0
164,5,8,5,11,60,1,661
166,5,8,5,14,51,1,655
167,5,8,5,14,52,1,583
169,5,8,5,14,54,0,0
168,5,8,5,14,53,1,684
170,5,8,5,14,55,0,0
173,5,8,5,14,58,1,631
171,5,8,5,14,56,2,1248
172,5,8,5,14,57,2,1265
174,5,8,5,14,59,1,613
176,5,11,5,6,50,2,1141
175,5,8,5,14,60,1,613
179,5,11,5,6,53,1,601
178,5,11,5,6,52,1,572
177,5,11,5,6,51,2,1308
180,5,11,5,6,54,2,1232
182,5,11,5,6,56,1,631
181,5,11,5,6,55,2,1193
187,5,11,5,9,50,1,578
183,5,11,5,6,57,2,1211
189,5,11,5,9,52,0,0
184,5,11,5,6,58,1,676
185,5,11,5,6,59,1,553
190,5,11,5,9,53,1,546
188,5,11,5,9,51,1,588
191,5,11,5,9,54,2,1134
193,5,11,5,9,56,2,1146
192,5,11,5,9,55,1,602
194,5,11,5,9,57,2,1194
196,5,11,5,9,59,2,1189
199,5,11,5,11,51,2,1061
195,5,11,5,9,58,0,0
200,5,11,5,11,52,2,1305
197,5,11,5,9,60,2,1393
202,5,11,5,11,54,2,1210
204,5,11,5,11,56,2,1203
201,5,11,5,11,53,1,593
203,5,11,5,11,55,2,1308
205,5,11,5,11,57,2,1234
206,5,11,5,11,58,1,550
207,5,11,5,11,59,2,1141
208,5,11,5,11,60,2,1136
209,5,11,5,14,50,1,618
212,5,11,5,14,53,1,475
210,5,11,5,14,51,0,0
213,5,11,5,14,54,1,593
211,5,11,5,14,52,1,622
217,5,11,5,14,58,1,623
215,5,11,5,14,56,1,711
214,5,11,5,14,55,2,1603
218,5,11,5,14,59,2,1290
216,5,11,5,14,57,0,0
219,5,11,5,14,60,2,1268
220,5,13,5,6,50,1,644
222,5,13,5,6,52,2,1208
221,5,13,5,6,51,1,607
223,5,13,5,6,53,0,0
225,5,13,5,6,55,2,1364
224,5,13,5,6,54,2,1416
230,5,13,5,6,60,1,576
229,5,13,5,6,59,2,1161
228,5,13,5,6,58,2,1234
227,5,13,5,6,57,1,611
234,5,13,5,9,53,0,0
232,5,13,5,9,51,0,0
231,5,13,5,9,50,2,1229
233,5,13,5,9,52,1,639
226,5,13,5,6,56,1,769
237,5,13,5,9,56,1,554
235,5,13,5,9,54,0,0
236,5,13,5,9,55,1,752
239,5,13,5,9,58,1,604
242,5,13,5,11,50,1,623
238,5,13,5,9,57,0,0
240,5,13,5,9,59,2,1149
243,5,13,5,11,51,2,1220
245,5,13,5,11,53,1,561
248,5,13,5,11,56,1,460
246,5,13,5,11,54,2,1215
244,5,13,5,11,52,2,1280
241,5,13,5,9,60,1,572
247,5,13,5,11,55,1,560
186,5,11,5,6,60,1,668
249,5,13,5,11,57,1,615
250,5,13,5,11,58,2,1311
254,5,13,5,14,51,1,574
251,5,13,5,11,59,0,0
252,5,13,5,11,60,2,1364
253,5,13,5,14,50,0,0
256,5,13,5,14,53,2,1127
258,5,13,5,14,55,0,0
198,5,11,5,11,50,1,616
259,5,13,5,14,56,1,824
257,5,13,5,14,54,1,631
262,5,13,5,14,59,1,593
261,5,13,5,14,58,0,0
255,5,13,5,14,52,2,1680
260,5,13,5,14,57,0,0
267,8,0,5,6,53,0,0
269,8,0,5,6,55,0,0
263,5,13,5,14,60,1,615
266,8,0,5,6,52,1,633
264,8,0,5,6,50,0,0
265,8,0,5,6,51,2,1432
268,8,0,5,6,54,2,1151
270,8,0,5,6,56,2,1067
271,8,0,5,6,57,0,0
275,8,0,5,9,50,0,0
272,8,0,5,6,58,2,1238
273,8,0,5,6,59,1,637
274,8,0,5,6,60,1,642
278,8,0,5,9,53,1,600
277,8,0,5,9,52,1,628
276,8,0,5,9,51,1,677
279,8,0,5,9,54,1,602
280,8,0,5,9,55,0,0
283,8,0,5,9,58,2,1145
282,8,0,5,9,57,1,626
281,8,0,5,9,56,1,825
284,8,0,5,9,59,1,739
286,8,0,5,11,50,1,469
285,8,0,5,9,60,1,585
287,8,0,5,11,51,1,615
289,8,0,5,11,53,1,480
288,8,0,5,11,52,1,567
291,8,0,5,11,55,2,1137
293,8,0,5,11,57,2,1207
295,8,0,5,11,59,1,620
292,8,0,5,11,56,1,609
290,8,0,5,11,54,1,662
294,8,0,5,11,58,2,1284
298,8,0,5,14,51,1,601
296,8,0,5,11,60,2,1263
297,8,0,5,14,50,1,682
301,8,0,5,14,54,2,1201
300,8,0,5,14,53,2,1289
299,8,0,5,14,52,1,608
302,8,0,5,14,55,2,1211
304,8,0,5,14,57,2,1264
305,8,0,5,14,58,2,1270
303,8,0,5,14,56,2,1492
308,8,3,5,6,50,0,0
307,8,0,5,14,60,1,585
306,8,0,5,14,59,1,672
310,8,3,5,6,52,2,1145
311,8,3,5,6,53,0,0
309,8,3,5,6,51,1,657
313,8,3,5,6,55,1,617
312,8,3,5,6,54,1,610
315,8,3,5,6,57,2,1234
317,8,3,5,6,59,2,1135
314,8,3,5,6,56,1,625
318,8,3,5,6,60,0,0
316,8,3,5,6,58,1,570
320,8,3,5,9,51,1,575
321,8,3,5,9,52,2,1103
319,8,3,5,9,50,1,562
322,8,3,5,9,53,2,1173
323,8,3,5,9,54,2,1222
326,8,3,5,9,57,1,508
325,8,3,5,9,56,0,0
324,8,3,5,9,55,1,564
330,8,3,5,11,50,1,551
328,8,3,5,9,59,2,1169
331,8,3,5,11,51,1,650
329,8,3,5,9,60,0,0
332,8,3,5,11,52,0,0
334,8,3,5,11,54,2,1057
335,8,3,5,11,55,0,0
333,8,3,5,11,53,0,0
336,8,3,5,11,56,2,1247
337,8,3,5,11,57,2,1135
338,8,3,5,11,58,1,587
339,8,3,5,11,59,1,601
342,8,3,5,14,51,1,574
341,8,3,5,14,50,1,576
340,8,3,5,11,60,0,0
343,8,3,5,14,52,2,1176
344,8,3,5,14,53,1,656
346,8,3,5,14,55,2,1282
345,8,3,5,14,54,1,512
348,8,3,5,14,57,1,631
352,8,5,5,6,50,1,583
347,8,3,5,14,56,2,1329
351,8,3,5,14,60,2,1187
349,8,3,5,14,58,2,1212
350,8,3,5,14,59,0,0
356,8,5,5,6,54,2,1068
353,8,5,5,6,51,1,565
354,8,5,5,6,52,1,601
355,8,5,5,6,53,1,588
357,8,5,5,6,55,2,1276
358,8,5,5,6,56,2,1255
363,8,5,5,9,50,1,562
360,8,5,5,6,58,2,966
361,8,5,5,6,59,1,560
366,8,5,5,9,53,2,1019
362,8,5,5,6,60,2,1419
365,8,5,5,9,52,1,569
364,8,5,5,9,51,1,728
367,8,5,5,9,54,1,622
370,8,5,5,9,57,1,597
359,8,5,5,6,57,0,0
369,8,5,5,9,56,1,597
372,8,5,5,9,59,2,1148
368,8,5,5,9,55,1,718
374,8,5,5,11,50,1,602
371,8,5,5,9,58,1,742
373,8,5,5,9,60,2,1241
375,8,5,5,11,51,1,619
376,8,5,5,11,52,1,622
377,8,5,5,11,53,2,1356
380,8,5,5,11,56,1,526
378,8,5,5,11,54,0,0
379,8,5,5,11,55,0,0
381,8,5,5,11,57,1,613
385,8,5,5,14,50,2,1045
384,8,5,5,11,60,1,557
383,8,5,5,11,59,0,0
382,8,5,5,11,58,1,776
386,8,5,5,14,51,1,564
387,8,5,5,14,52,1,580
389,8,5,5,14,54,1,805
327,8,3,5,9,58,1,458
388,8,5,5,14,53,1,579
390,8,5,5,14,55,1,602
391,8,5,5,14,56,1,660
392,8,5,5,14,57,2,1171
393,8,5,5,14,58,1,450
395,8,5,5,14,60,1,537
394,8,5,5,14,59,1,622
396,8,8,5,6,50,0,0
401,8,8,5,6,55,1,542
398,8,8,5,6,52,1,579
397,8,8,5,6,51,1,698
399,8,8,5,6,53,1,612
403,8,8,5,6,57,1,590
400,8,8,5,6,54,2,1308
404,8,8,5,6,58,2,1185
402,8,8,5,6,56,2,1241
405,8,8,5,6,59,1,595
406,8,8,5,6,60,2,1210
407,8,8,5,9,50,2,1171
408,8,8,5,9,51,1,685
409,8,8,5,9,52,1,756
410,8,8,5,9,53,0,0
411,8,8,5,9,54,0,0
412,8,8,5,9,55,2,1129
416,8,8,5,9,59,2,1050
413,8,8,5,9,56,2,1155
417,8,8,5,9,60,1,573
414,8,8,5,9,57,0,0
418,8,8,5,11,50,0,0
419,8,8,5,11,51,2,1217
420,8,8,5,11,52,1,661
422,8,8,5,11,54,2,1211
421,8,8,5,11,53,1,663
423,8,8,5,11,55,1,491
426,8,8,5,11,58,1,566
427,8,8,5,11,59,1,651
424,8,8,5,11,56,1,590
429,8,8,5,14,50,0,0
425,8,8,5,11,57,0,0
431,8,8,5,14,52,2,1072
430,8,8,5,14,51,2,1223
428,8,8,5,11,60,0,0
433,8,8,5,14,54,1,544
432,8,8,5,14,53,1,632
435,8,8,5,14,56,1,597
434,8,8,5,14,55,1,590
436,8,8,5,14,57,2,1176
437,8,8,5,14,58,1,555
438,8,8,5,14,59,1,684
443,8,11,5,6,53,0,0
440,8,11,5,6,50,1,659
444,8,11,5,6,54,0,0
439,8,8,5,14,60,0,0
441,8,11,5,6,51,1,625
442,8,11,5,6,52,2,1244
445,8,11,5,6,55,2,1118
446,8,11,5,6,56,2,1391
448,8,11,5,6,58,2,1248
449,8,11,5,6,59,1,589
447,8,11,5,6,57,0,0
451,8,11,5,9,50,0,0
450,8,11,5,6,60,1,836
452,8,11,5,9,51,0,0
453,8,11,5,9,52,1,618
454,8,11,5,9,53,2,1287
455,8,11,5,9,54,2,1143
456,8,11,5,9,55,2,1243
457,8,11,5,9,56,0,0
458,8,11,5,9,57,2,1405
460,8,11,5,9,59,2,1551
459,8,11,5,9,58,0,0
461,8,11,5,9,60,2,1191
465,8,11,5,11,53,2,1108
462,8,11,5,11,50,2,1312
464,8,11,5,11,52,0,0
463,8,11,5,11,51,1,545
466,8,11,5,11,54,0,0
468,8,11,5,11,56,1,607
467,8,11,5,11,55,2,1394
469,8,11,5,11,57,2,1211
471,8,11,5,11,59,0,0
470,8,11,5,11,58,2,1327
472,8,11,5,11,60,2,1298
473,8,11,5,14,50,2,1280
476,8,11,5,14,53,1,488
474,8,11,5,14,51,1,660
475,8,11,5,14,52,1,546
477,8,11,5,14,54,1,601
415,8,8,5,9,58,1,621
478,8,11,5,14,55,1,715
480,8,11,5,14,57,2,1303
479,8,11,5,14,56,0,0
481,8,11,5,14,58,1,524
484,8,13,5,6,50,0,0
482,8,11,5,14,59,2,1237
485,8,13,5,6,51,1,599
483,8,11,5,14,60,2,1243
486,8,13,5,6,52,1,610
487,8,13,5,6,53,0,0
489,8,13,5,6,55,2,1159
493,8,13,5,6,59,1,614
488,8,13,5,6,54,1,653
492,8,13,5,6,58,1,603
494,8,13,5,6,60,0,0
491,8,13,5,6,57,1,681
490,8,13,5,6,56,1,759
500,8,13,5,9,55,1,536
497,8,13,5,9,52,2,1171
496,8,13,5,9,51,2,1212
498,8,13,5,9,53,2,1110
495,8,13,5,9,50,0,0
499,8,13,5,9,54,1,624
501,8,13,5,9,56,2,1113
502,8,13,5,9,57,2,1036
504,8,13,5,9,59,1,561
503,8,13,5,9,58,2,1310
506,8,13,5,11,50,2,1151
505,8,13,5,9,60,0,0
510,8,13,5,11,54,1,462
507,8,13,5,11,51,2,1248
511,8,13,5,11,55,0,0
508,8,13,5,11,52,1,574
509,8,13,5,11,53,1,610
514,8,13,5,11,58,2,1119
512,8,13,5,11,56,2,1209
516,8,13,5,11,60,2,1336
517,8,13,5,14,50,1,622
513,8,13,5,11,57,1,662
519,8,13,5,14,52,1,433
515,8,13,5,11,59,0,0
518,8,13,5,14,51,1,716
520,8,13,5,14,53,2,1116
521,8,13,5,14,54,1,577
522,8,13,5,14,55,0,0
523,8,13,5,14,56,1,640
524,8,13,5,14,57,2,1373
525,8,13,5,14,58,1,551
527,8,13,5,14,60,1,510
526,8,13,5,14,59,2,1463
528,11,0,5,6,50,0,0
533,11,0,5,6,55,1,614
532,11,0,5,6,54,1,549
530,11,0,5,6,52,1,610
531,11,0,5,6,53,1,584
529,11,0,5,6,51,0,0
535,11,0,5,6,57,1,530
534,11,0,5,6,56,2,1304
536,11,0,5,6,58,1,605
538,11,0,5,6,60,1,665
537,11,0,5,6,59,2,1493
539,11,0,5,9,50,1,480
542,11,0,5,9,53,1,650
540,11,0,5,9,51,1,554
541,11,0,5,9,52,0,0
543,11,0,5,9,54,1,609
546,11,0,5,9,57,2,1163
547,11,0,5,9,58,1,615
545,11,0,5,9,56,2,1276
544,11,0,5,9,55,1,571
549,11,0,5,9,60,2,1274
552,11,0,5,11,52,0,0
548,11,0,5,9,59,2,1429
551,11,0,5,11,51,1,580
550,11,0,5,11,50,1,728
554,11,0,5,11,54,1,629
553,11,0,5,11,53,1,549
555,11,0,5,11,55,0,0
556,11,0,5,11,56,0,0
558,11,0,5,11,58,2,1164
557,11,0,5,11,57,2,1246
561,11,0,5,14,50,1,571
559,11,0,5,11,59,2,1223
563,11,0,5,14,52,1,480
565,11,0,5,14,54,1,587
562,11,0,5,14,51,1,591
564,11,0,5,14,53,0,0
560,11,0,5,11,60,1,593
567,11,0,5,14,56,1,586
566,11,0,5,14,55,1,638
569,11,0,5,14,58,1,546
568,11,0,5,14,57,0,0
571,11,0,5,14,60,2,1255
574,11,3,5,6,52,1,592
570,11,0,5,14,59,0,0
572,11,3,5,6,50,0,0
580,11,3,5,6,58,1,625
573,11,3,5,6,51,0,0
578,11,3,5,6,56,0,0
576,11,3,5,6,54,2,1139
577,11,3,5,6,55,1,581
575,11,3,5,6,53,2,1376
581,11,3,5,6,59,2,1127
579,11,3,5,6,57,1,649
582,11,3,5,6,60,2,1221
583,11,3,5,9,50,0,0
584,11,3,5,9,51,1,545
585,11,3,5,9,52,1,569
586,11,3,5,9,53,1,627
589,11,3,5,9,56,0,0
588,11,3,5,9,55,1,544
587,11,3,5,9,54,1,642
592,11,3,5,9,59,2,1183
593,11,3,5,9,60,1,569
591,11,3,5,9,58,2,1279
590,11,3,5,9,57,1,629
594,11,3,5,11,50,2,1213
595,11,3,5,11,51,1,649
596,11,3,5,11,52,2,1222
598,11,3,5,11,54,1,598
599,11,3,5,11,55,0,0
597,11,3,5,11,53,1,612
600,11,3,5,11,56,1,580
601,11,3,5,11,57,1,658
607,11,3,5,14,52,0,0
605,11,3,5,14,50,0,0
604,11,3,5,11,60,2,1182
602,11,3,5,11,58,0,0
603,11,3,5,11,59,1,681
606,11,3,5,14,51,0,0
608,11,3,5,14,53,1,645
610,11,3,5,14,55,1,679
609,11,3,5,14,54,1,679
611,11,3,5,14,56,1,651
615,11,3,5,14,60,1,569
612,11,3,5,14,57,0,0
613,11,3,5,14,58,2,1265
614,11,3,5,14,59,1,562
616,11,5,5,6,50,2,1234
618,11,5,5,6,52,1,472
619,11,5,5,6,53,1,588
620,11,5,5,6,54,2,1233
621,11,5,5,6,55,1,622
623,11,5,5,6,57,0,0
622,11,5,5,6,56,1,622
624,11,5,5,6,58,1,637
633,11,5,5,9,56,1,615
632,11,5,5,9,55,1,636
629,11,5,5,9,52,2,1202
630,11,5,5,9,53,1,764
627,11,5,5,9,50,1,599
625,11,5,5,6,59,1,561
626,11,5,5,6,60,2,1512
631,11,5,5,9,54,0,0
634,11,5,5,9,57,1,621
637,11,5,5,9,60,1,575
636,11,5,5,9,59,0,0
638,11,5,5,11,50,1,601
635,11,5,5,9,58,1,645
639,11,5,5,11,51,1,620
640,11,5,5,11,52,1,675
645,11,5,5,11,57,2,1096
643,11,5,5,11,55,1,651
642,11,5,5,11,54,1,548
641,11,5,5,11,53,0,0
644,11,5,5,11,56,1,573
647,11,5,5,11,59,2,1217
646,11,5,5,11,58,1,761
651,11,5,5,14,52,0,0
648,11,5,5,11,60,2,1102
649,11,5,5,14,50,0,0
650,11,5,5,14,51,1,637
652,11,5,5,14,53,2,1326
654,11,5,5,14,55,0,0
655,11,5,5,14,56,1,787
656,11,5,5,14,57,1,581
657,11,5,5,14,58,2,1251
653,11,5,5,14,54,1,704
658,11,5,5,14,59,1,796
660,11,8,5,6,50,1,600
659,11,5,5,14,60,1,559
661,11,8,5,6,51,1,702
662,11,8,5,6,52,1,577
664,11,8,5,6,54,2,1245
672,11,8,5,9,51,0,0
663,11,8,5,6,53,1,630
673,11,8,5,9,52,1,515
668,11,8,5,6,58,2,1206
666,11,8,5,6,56,2,1352
669,11,8,5,6,59,1,420
667,11,8,5,6,57,1,704
665,11,8,5,6,55,1,576
671,11,8,5,9,50,2,1259
675,11,8,5,9,54,1,725
674,11,8,5,9,53,1,575
670,11,8,5,6,60,1,634
617,11,5,5,6,51,0,0
676,11,8,5,9,55,0,0
679,11,8,5,9,58,0,0
677,11,8,5,9,56,1,630
682,11,8,5,11,50,2,1003
678,11,8,5,9,57,2,1366
684,11,8,5,11,52,1,665
681,11,8,5,9,60,2,1216
680,11,8,5,9,59,2,1271
685,11,8,5,11,53,2,1173
686,11,8,5,11,54,1,578
683,11,8,5,11,51,1,626
688,11,8,5,11,56,2,1248
628,11,5,5,9,51,1,462
687,11,8,5,11,55,1,662
690,11,8,5,11,58,2,1301
691,11,8,5,11,59,1,633
692,11,8,5,11,60,2,1329
689,11,8,5,11,57,1,869
693,11,8,5,14,50,1,650
696,11,8,5,14,53,1,573
697,11,8,5,14,54,1,559
694,11,8,5,14,51,2,1230
698,11,8,5,14,55,1,608
700,11,8,5,14,57,1,496
699,11,8,5,14,56,1,730
704,11,11,5,6,50,1,579
701,11,8,5,14,58,1,556
695,11,8,5,14,52,0,0
705,11,11,5,6,51,2,1101
703,11,8,5,14,60,1,599
706,11,11,5,6,52,1,639
702,11,8,5,14,59,2,1555
709,11,11,5,6,55,1,784
707,11,11,5,6,53,0,0
708,11,11,5,6,54,1,657
711,11,11,5,6,57,2,1194
710,11,11,5,6,56,1,631
715,11,11,5,9,50,1,597
713,11,11,5,6,59,2,1319
714,11,11,5,6,60,1,656
717,11,11,5,9,52,1,541
712,11,11,5,6,58,1,639
716,11,11,5,9,51,1,784
718,11,11,5,9,53,0,0
719,11,11,5,9,54,1,704
720,11,11,5,9,55,2,1221
722,11,11,5,9,57,1,584
724,11,11,5,9,59,2,1182
723,11,11,5,9,58,2,1213
721,11,11,5,9,56,0,0
726,11,11,5,11,50,1,843
727,11,11,5,11,51,1,563
725,11,11,5,9,60,2,1400
729,11,11,5,11,53,1,616
730,11,11,5,11,54,1,626
732,11,11,5,11,56,0,0
731,11,11,5,11,55,1,577
733,11,11,5,11,57,1,687
734,11,11,5,11,58,1,734
736,11,11,5,11,60,2,1250
740,11,11,5,14,53,0,0
738,11,11,5,14,51,0,0
735,11,11,5,11,59,0,0
742,11,11,5,14,55,2,1141
741,11,11,5,14,54,1,628
737,11,11,5,14,50,0,0
743,11,11,5,14,56,1,530
744,11,11,5,14,57,1,619
739,11,11,5,14,52,0,0
748,11,13,5,6,50,0,0
745,11,11,5,14,58,2,1188
746,11,11,5,14,59,2,1355
747,11,11,5,14,60,1,701
755,11,13,5,6,57,0,0
749,11,13,5,6,51,2,1391
751,11,13,5,6,53,1,595
750,11,13,5,6,52,2,1166
754,11,13,5,6,56,1,587
753,11,13,5,6,55,1,590
752,11,13,5,6,54,1,591
758,11,13,5,6,60,2,1258
762,11,13,5,9,53,0,0
756,11,13,5,6,58,0,0
759,11,13,5,9,50,1,714
761,11,13,5,9,52,1,708
760,11,13,5,9,51,1,689
763,11,13,5,9,54,2,1220
764,11,13,5,9,55,2,1179
765,11,13,5,9,56,2,1207
766,11,13,5,9,57,2,1273
767,11,13,5,9,58,1,659
770,11,13,5,11,50,1,814
768,11,13,5,9,59,2,1368
769,11,13,5,9,60,0,0
772,11,13,5,11,52,1,566
773,11,13,5,11,53,0,0
771,11,13,5,11,51,2,1251
776,11,13,5,11,56,1,497
774,11,13,5,11,54,2,1321
778,11,13,5,11,58,1,486
777,11,13,5,11,57,0,0
779,11,13,5,11,59,2,1202
775,11,13,5,11,55,1,593
782,11,13,5,14,51,1,628
780,11,13,5,11,60,1,770
784,11,13,5,14,53,1,592
783,11,13,5,14,52,0,0
785,11,13,5,14,54,1,681
786,11,13,5,14,55,0,0
788,11,13,5,14,57,0,0
781,11,13,5,14,50,1,660
787,11,13,5,14,56,1,719
728,11,11,5,11,52,2,1172
790,11,13,5,14,59,1,483
789,11,13,5,14,58,2,1254
792,13,0,5,6,50,0,0
791,11,13,5,14,60,0,0
793,13,0,5,6,51,1,577
796,13,0,5,6,54,1,637
794,13,0,5,6,52,2,1230
795,13,0,5,6,53,1,652
799,13,0,5,6,57,2,1123
797,13,0,5,6,55,2,1265
800,13,0,5,6,58,2,1143
802,13,0,5,6,60,1,553
801,13,0,5,6,59,1,628
805,13,0,5,9,52,1,596
798,13,0,5,6,56,1,540
804,13,0,5,9,51,1,571
803,13,0,5,9,50,1,656
807,13,0,5,9,54,1,685
808,13,0,5,9,55,2,1397
806,13,0,5,9,53,1,664
810,13,0,5,9,57,2,1236
809,13,0,5,9,56,2,1278
815,13,0,5,11,51,1,467
811,13,0,5,9,58,1,568
812,13,0,5,9,59,2,1220
813,13,0,5,9,60,1,652
814,13,0,5,11,50,2,1183
816,13,0,5,11,52,1,653
819,13,0,5,11,55,1,637
757,11,13,5,6,59,2,1203
817,13,0,5,11,53,2,1359
820,13,0,5,11,56,1,591
818,13,0,5,11,54,1,646
821,13,0,5,11,57,2,1179
822,13,0,5,11,58,2,1207
823,13,0,5,11,59,1,575
825,13,0,5,14,50,1,579
828,13,0,5,14,53,2,1059
826,13,0,5,14,51,2,1223
827,13,0,5,14,52,1,603
830,13,0,5,14,55,2,1174
832,13,0,5,14,57,1,477
833,13,0,5,14,58,2,1198
829,13,0,5,14,54,0,0
831,13,0,5,14,56,2,1425
835,13,0,5,14,60,1,563
834,13,0,5,14,59,1,638
836,13,3,5,6,50,2,1237
837,13,3,5,6,51,2,1140
838,13,3,5,6,52,2,1148
840,13,3,5,6,54,1,557
839,13,3,5,6,53,2,1420
841,13,3,5,6,55,1,598
844,13,3,5,6,58,1,629
845,13,3,5,6,59,1,531
843,13,3,5,6,57,2,1320
847,13,3,5,9,50,1,566
850,13,3,5,9,53,0,0
848,13,3,5,9,51,1,544
846,13,3,5,6,60,2,1244
849,13,3,5,9,52,1,593
842,13,3,5,6,56,0,0
852,13,3,5,9,55,1,649
851,13,3,5,9,54,1,596
853,13,3,5,9,56,1,519
854,13,3,5,9,57,1,684
857,13,3,5,9,60,1,474
861,13,3,5,11,53,0,0
859,13,3,5,11,51,1,611
858,13,3,5,11,50,1,619
855,13,3,5,9,58,1,607
862,13,3,5,11,54,1,619
864,13,3,5,11,56,1,629
865,13,3,5,11,57,1,621
866,13,3,5,11,58,2,1242
868,13,3,5,11,60,0,0
863,13,3,5,11,55,0,0
860,13,3,5,11,52,0,0
869,13,3,5,14,50,0,0
867,13,3,5,11,59,1,684
874,13,3,5,14,55,2,1277
870,13,3,5,14,51,1,656
875,13,3,5,14,56,1,591
873,13,3,5,14,54,1,676
871,13,3,5,14,52,1,553
876,13,3,5,14,57,2,1255
877,13,3,5,14,58,2,1199
872,13,3,5,14,53,1,560
880,13,5,5,6,50,0,0
879,13,3,5,14,60,1,587
878,13,3,5,14,59,1,686
881,13,5,5,6,51,1,648
882,13,5,5,6,52,1,641
886,13,5,5,6,56,1,645
883,13,5,5,6,53,0,0
885,13,5,5,6,55,2,1129
887,13,5,5,6,57,0,0
824,13,0,5,11,60,1,564
888,13,5,5,6,58,2,1212
884,13,5,5,6,54,2,1426
893,13,5,5,9,52,1,555
891,13,5,5,9,50,0,0
889,13,5,5,6,59,0,0
890,13,5,5,6,60,1,634
895,13,5,5,9,54,1,605
894,13,5,5,9,53,1,583
892,13,5,5,9,51,0,0
896,13,5,5,9,55,1,622
898,13,5,5,9,57,2,1244
899,13,5,5,9,58,1,769
897,13,5,5,9,56,1,548
900,13,5,5,9,59,1,570
902,13,5,5,11,50,2,1172
901,13,5,5,9,60,1,574
904,13,5,5,11,52,2,1119
903,13,5,5,11,51,2,1271
905,13,5,5,11,53,0,0
906,13,5,5,11,54,1,630
909,13,5,5,11,57,2,1158
907,13,5,5,11,55,0,0
908,13,5,5,11,56,2,1229
910,13,5,5,11,58,1,582
911,13,5,5,11,59,1,579
913,13,5,5,14,50,1,624
912,13,5,5,11,60,2,1262
914,13,5,5,14,51,1,705
916,13,5,5,14,53,2,1144
917,13,5,5,14,54,1,474
915,13,5,5,14,52,1,580
856,13,3,5,9,59,2,1215
919,13,5,5,14,56,1,770
918,13,5,5,14,55,2,1308
920,13,5,5,14,57,2,1130
921,13,5,5,14,58,2,1124
923,13,5,5,14,60,0,0
925,13,8,5,6,51,2,1159
922,13,5,5,14,59,1,594
924,13,8,5,6,50,2,1398
927,13,8,5,6,53,2,1167
926,13,8,5,6,52,0,0
928,13,8,5,6,54,0,0
929,13,8,5,6,55,2,1187
938,13,8,5,9,53,0,0
932,13,8,5,6,58,1,588
930,13,8,5,6,56,2,1278
933,13,8,5,6,59,2,1169
931,13,8,5,6,57,2,1250
935,13,8,5,9,50,2,1138
934,13,8,5,6,60,2,1247
937,13,8,5,9,52,0,0
936,13,8,5,9,51,1,554
940,13,8,5,9,55,2,1264
941,13,8,5,9,56,2,1262
945,13,8,5,9,60,1,545
947,13,8,5,11,51,0,0
942,13,8,5,9,57,1,577
939,13,8,5,9,54,1,680
944,13,8,5,9,59,2,1185
946,13,8,5,11,50,2,1191
950,13,8,5,11,54,0,0
949,13,8,5,11,53,1,592
943,13,8,5,9,58,1,738
948,13,8,5,11,52,1,629
951,13,8,5,11,55,2,1102
952,13,8,5,11,56,2,1419
954,13,8,5,11,58,0,0
953,13,8,5,11,57,1,574
958,13,8,5,14,51,1,605
955,13,8,5,11,59,0,0
956,13,8,5,11,60,2,1350
959,13,8,5,14,52,2,1208
960,13,8,5,14,53,2,1262
963,13,8,5,14,56,1,571
957,13,8,5,14,50,1,738
964,13,8,5,14,57,2,1306
962,13,8,5,14,55,0,0
966,13,8,5,14,59,1,602
961,13,8,5,14,54,2,1365
967,13,8,5,14,60,2,1188
970,13,11,5,6,52,0,0
965,13,8,5,14,58,1,806
968,13,11,5,6,50,1,730
972,13,11,5,6,54,1,658
969,13,11,5,6,51,0,0
971,13,11,5,6,53,2,1326
975,13,11,5,6,57,1,654
974,13,11,5,6,56,2,1107
977,13,11,5,6,59,1,490
973,13,11,5,6,55,2,1295
978,13,11,5,6,60,1,583
979,13,11,5,9,50,1,580
981,13,11,5,9,52,0,0
980,13,11,5,9,51,2,1290
983,13,11,5,9,54,1,585
976,13,11,5,6,58,1,751
985,13,11,5,9,56,2,1155
984,13,11,5,9,55,1,582
982,13,11,5,9,53,1,812
986,13,11,5,9,57,2,1293
987,13,11,5,9,58,2,1223
989,13,11,5,9,60,1,647
988,13,11,5,9,59,2,1474
990,13,11,5,11,50,1,675
992,13,11,5,11,52,1,521
991,13,11,5,11,51,0,0
994,13,11,5,11,54,2,1194
993,13,11,5,11,53,2,1253
998,13,11,5,11,58,1,554
996,13,11,5,11,56,1,592
995,13,11,5,11,55,2,1341
997,13,11,5,11,57,2,1242
1001,13,11,5,14,50,0,0
1000,13,11,5,11,60,2,1234
999,13,11,5,11,59,0,0
1002,13,11,5,14,51,1,592
1003,13,11,5,14,52,0,0
1008,13,11,5,14,57,1,541
1004,13,11,5,14,53,0,0
1005,13,11,5,14,54,1,669
1012,13,13,5,6,50,1,491
1010,13,11,5,14,59,1,583
1007,13,11,5,14,56,1,651
1006,13,11,5,14,55,0,0
1009,13,11,5,14,58,2,1279
1011,13,11,5,14,60,1,643
1014,13,13,5,6,52,0,0
1013,13,13,5,6,51,2,1193
1016,13,13,5,6,54,1,580
1017,13,13,5,6,55,0,0
1022,13,13,5,6,60,0,0
1015,13,13,5,6,53,0,0
1018,13,13,5,6,56,2,1249
1021,13,13,5,6,59,2,1177
1019,13,13,5,6,57,2,1479
1023,13,13,5,9,50,0,0
1024,13,13,5,9,51,1,595
1027,13,13,5,9,54,2,1171
1026,13,13,5,9,53,2,1225
1020,13,13,5,6,58,0,0
1025,13,13,5,9,52,1,597
1029,13,13,5,9,56,2,1130
1030,13,13,5,9,57,1,577
1033,13,13,5,9,60,1,714
1028,13,13,5,9,55,0,0
1031,13,13,5,9,58,1,774
1032,13,13,5,9,59,1,565
1034,13,13,5,11,50,1,593
1036,13,13,5,11,52,2,1023
1035,13,13,5,11,51,1,585
1041,13,13,5,11,57,1,610
1042,13,13,5,11,58,2,1288
1044,13,13,5,11,60,2,1135
1038,13,13,5,11,54,2,1348
1037,13,13,5,11,53,0,0
1043,13,13,5,11,59,2,1266
1039,13,13,5,11,55,1,644
1040,13,13,5,11,56,2,1542
1045,13,13,5,14,50,0,0
1046,13,13,5,14,51,1,544
1047,13,13,5,14,52,1,604
1048,13,13,5,14,53,1,655
1049,13,13,5,14,54,2,1256
1050,13,13,5,14,55,2,1114
1052,13,13,5,14,57,0,0
1051,13,13,5,14,56,2,1447
1053,13,13,5,14,58,2,1213
1057,5,0,5,6,51,1,585
1054,13,13,5,14,59,2,1136
1058,5,0,5,6,52,2,911
1056,5,0,5,6,50,0,0
1060,5,0,5,6,54,1,447
1059,5,0,5,6,53,0,0
1055,13,13,5,14,60,2,1606
1062,5,0,5,6,56,1,429
1063,5,0,5,6,57,1,434
1064,5,0,5,6,58,1,465
1061,5,0,5,6,55,0,0
1065,5,0,5,6,59,1,457
1066,5,0,5,6,60,1,462
1067,5,0,5,9,50,0,0
1068,5,0,5,9,51,0,0
1070,5,0,5,9,53,1,448
1069,5,0,5,9,52,0,0
1071,5,0,5,9,54,2,904
1075,5,0,5,9,58,0,0
1074,5,0,5,9,57,1,474
1073,5,0,5,9,56,1,449
1077,5,0,5,9,60,0,0
1072,5,0,5,9,55,0,0
1078,5,0,5,11,50,0,0
1080,5,0,5,11,52,1,564
1079,5,0,5,11,51,1,460
1081,5,0,5,11,53,1,438
1076,5,0,5,9,59,2,1199
1082,5,0,5,11,54,0,0
1083,5,0,5,11,55,0,0
1085,5,0,5,11,57,1,380
1084,5,0,5,11,56,1,545
1086,5,0,5,11,58,0,0
1091,5,0,5,14,52,0,0
1087,5,0,5,11,59,0,0
1088,5,0,5,11,60,1,415
1089,5,0,5,14,50,0,0
1090,5,0,5,14,51,0,0
1093,5,0,5,14,54,0,0
1092,5,0,5,14,53,0,0
1095,5,0,5,14,56,1,482
1094,5,0,5,14,55,1,496
1096,5,0,5,14,57,2,953
1097,5,0,5,14,58,1,417
1099,5,0,5,14,60,2,852
1098,5,0,5,14,59,1,485
1103,5,3,5,6,53,0,0
1102,5,3,5,6,52,0,0
1100,5,3,5,6,50,0,0
1104,5,3,5,6,54,0,0
1107,5,3,5,6,57,1,457
1101,5,3,5,6,51,1,760
1106,5,3,5,6,56,0,0
1105,5,3,5,6,55,0,0
1110,5,3,5,6,60,0,0
1108,5,3,5,6,58,1,455
1112,5,3,5,9,51,0,0
1109,5,3,5,6,59,0,0
1111,5,3,5,9,50,1,465
1113,5,3,5,9,52,0,0
1118,5,3,5,9,57,1,454
1115,5,3,5,9,54,1,393
1121,5,3,5,9,60,0,0
1116,5,3,5,9,55,0,0
1114,5,3,5,9,53,0,0
1119,5,3,5,9,58,2,837
1117,5,3,5,9,56,0,0
1123,5,3,5,11,51,1,432
1120,5,3,5,9,59,0,0
1122,5,3,5,11,50,0,0
1125,5,3,5,11,53,0,0
1126,5,3,5,11,54,1,394
1124,5,3,5,11,52,0,0
1129,5,3,5,11,57,1,462
1127,5,3,5,11,55,0,0
1131,5,3,5,11,59,0,0
1128,5,3,5,11,56,0,0
1130,5,3,5,11,58,1,484
1135,5,3,5,14,52,0,0
1132,5,3,5,11,60,1,537
1134,5,3,5,14,51,1,460
1136,5,3,5,14,53,0,0
1133,5,3,5,14,50,0,0
1137,5,3,5,14,54,0,0
1139,5,3,5,14,56,1,588
1138,5,3,5,14,55,0,0
1142,5,3,5,14,59,1,505
1141,5,3,5,14,58,2,979
1143,5,3,5,14,60,1,501
1145,5,5,5,6,51,1,548
1144,5,5,5,6,50,0,0
1150,5,5,5,6,56,0,0
1146,5,5,5,6,52,0,0
1147,5,5,5,6,53,0,0
1140,5,3,5,14,57,2,1503
1148,5,5,5,6,54,0,0
1152,5,5,5,6,58,1,441
1149,5,5,5,6,55,0,0
1153,5,5,5,6,59,0,0
1156,5,5,5,9,51,1,530
1151,5,5,5,6,57,0,0
1154,5,5,5,6,60,0,0
1155,5,5,5,9,50,2,1160
1157,5,5,5,9,52,1,569
1160,5,5,5,9,55,1,480
1159,5,5,5,9,54,1,473
1158,5,5,5,9,53,0,0
1164,5,5,5,9,59,1,504
1163,5,5,5,9,58,1,507
1161,5,5,5,9,56,0,0
1162,5,5,5,9,57,1,683
1165,5,5,5,9,60,2,911
1166,5,5,5,11,50,1,430
1167,5,5,5,11,51,2,1007
1168,5,5,5,11,52,1,465
1170,5,5,5,11,54,0,0
1169,5,5,5,11,53,1,529
1173,5,5,5,11,57,1,450
1172,5,5,5,11,56,0,0
1174,5,5,5,11,58,0,0
1171,5,5,5,11,55,0,0
1177,5,5,5,14,50,0,0
1176,5,5,5,11,60,0,0
1175,5,5,5,11,59,0,0
1182,5,5,5,14,55,0,0
1178,5,5,5,14,51,0,0
1179,5,5,5,14,52,0,0
1181,5,5,5,14,54,2,943
1180,5,5,5,14,53,0,0
1184,5,5,5,14,57,1,426
1183,5,5,5,14,56,0,0
1185,5,5,5,14,58,1,456
1188,5,8,5,6,50,1,442
1191,5,8,5,6,53,0,0
1187,5,5,5,14,60,0,0
1186,5,5,5,14,59,1,545
1190,5,8,5,6,52,0,0
1189,5,8,5,6,51,0,0
1196,5,8,5,6,58,1,446
1195,5,8,5,6,57,1,444
1193,5,8,5,6,55,0,0
1194,5,8,5,6,56,0,0
1192,5,8,5,6,54,1,420
1197,5,8,5,6,59,1,453
1198,5,8,5,6,60,1,467
1205,5,8,5,9,56,0,0
1200,5,8,5,9,51,1,721
1199,5,8,5,9,50,1,459
1202,5,8,5,9,53,1,453
1203,5,8,5,9,54,1,556
1204,5,8,5,9,55,0,0
1201,5,8,5,9,52,1,762
1210,5,8,5,11,50,2,880
1206,5,8,5,9,57,1,518
1209,5,8,5,9,60,0,0
1207,5,8,5,9,58,0,0
1214,5,8,5,11,54,0,0
1212,5,8,5,11,52,0,0
1208,5,8,5,9,59,2,1163
1211,5,8,5,11,51,1,491
1213,5,8,5,11,53,1,579
1215,5,8,5,11,55,0,0
1219,5,8,5,11,59,1,451
1220,5,8,5,11,60,1,435
1222,5,8,5,14,51,1,373
1217,5,8,5,11,57,2,1200
1221,5,8,5,14,50,2,942
1218,5,8,5,11,58,0,0
1216,5,8,5,11,56,1,565
1224,5,8,5,14,53,1,537
1223,5,8,5,14,52,0,0
1225,5,8,5,14,54,1,509
1227,5,8,5,14,56,0,0
1228,5,8,5,14,57,1,447
1226,5,8,5,14,55,1,642
1229,5,8,5,14,58,2,1048
1230,5,8,5,14,59,1,465
1231,5,8,5,14,60,2,804
1234,5,11,5,6,52,1,416
1235,5,11,5,6,53,0,0
1233,5,11,5,6,51,0,0
1237,5,11,5,6,55,0,0
1236,5,11,5,6,54,1,489
1238,5,11,5,6,56,1,486
1232,5,11,5,6,50,0,0
1240,5,11,5,6,58,1,469
1245,5,11,5,9,52,1,471
1239,5,11,5,6,57,1,559
1241,5,11,5,6,59,1,437
1244,5,11,5,9,51,0,0
1242,5,11,5,6,60,1,506
1243,5,11,5,9,50,1,531
1246,5,11,5,9,53,1,380
1247,5,11,5,9,54,0,0
1250,5,11,5,9,57,0,0
1248,5,11,5,9,55,0,0
1255,5,11,5,11,51,0,0
1252,5,11,5,9,59,1,451
1249,5,11,5,9,56,1,547
1251,5,11,5,9,58,1,433
1254,5,11,5,11,50,0,0
1256,5,11,5,11,52,0,0
1253,5,11,5,9,60,2,951
1259,5,11,5,11,55,0,0
1258,5,11,5,11,54,1,516
1261,5,11,5,11,57,2,912
1260,5,11,5,11,56,0,0
1257,5,11,5,11,53,1,565
1262,5,11,5,11,58,2,885
1263,5,11,5,11,59,2,1037
1265,5,11,5,14,50,1,460
1264,5,11,5,11,60,2,954
1266,5,11,5,14,51,1,455
1267,5,11,5,14,52,0,0
1268,5,11,5,14,53,0,0
1269,5,11,5,14,54,1,464
1270,5,11,5,14,55,2,1075
1273,5,11,5,14,58,1,506
1277,5,13,5,6,51,1,446
1272,5,11,5,14,57,1,454
1274,5,11,5,14,59,0,0
1276,5,13,5,6,50,1,375
1271,5,11,5,14,56,2,1168
1275,5,11,5,14,60,1,469
1278,5,13,5,6,52,1,463
1280,5,13,5,6,54,1,443
1279,5,13,5,6,53,0,0
1281,5,13,5,6,55,0,0
1283,5,13,5,6,57,2,945
1284,5,13,5,6,58,2,890
1285,5,13,5,6,59,0,0
1289,5,13,5,9,52,0,0
1286,5,13,5,6,60,0,0
1282,5,13,5,6,56,1,757
1288,5,13,5,9,51,1,544
1287,5,13,5,9,50,1,599
1291,5,13,5,9,54,1,484
1290,5,13,5,9,53,1,520
1293,5,13,5,9,56,1,490
1295,5,13,5,9,58,0,0
1294,5,13,5,9,57,1,498
1292,5,13,5,9,55,1,880
1299,5,13,5,11,51,1,443
1296,5,13,5,9,59,2,1069
1300,5,13,5,11,52,0,0
1298,5,13,5,11,50,0,0
1303,5,13,5,11,55,0,0
1297,5,13,5,9,60,1,616
1301,5,13,5,11,53,0,0
1302,5,13,5,11,54,1,437
1305,5,13,5,11,57,2,999
1307,5,13,5,11,59,1,479
1304,5,13,5,11,56,1,623
1309,5,13,5,14,50,0,0
1306,5,13,5,11,58,1,552
1308,5,13,5,11,60,1,529
1315,5,13,5,14,56,0,0
1310,5,13,5,14,51,0,0
1311,5,13,5,14,52,0,0
1316,5,13,5,14,57,1,449
1312,5,13,5,14,53,2,1136
1314,5,13,5,14,55,0,0
1317,5,13,5,14,58,0,0
1318,5,13,5,14,59,2,936
1313,5,13,5,14,54,2,1232
1320,8,0,5,6,50,1,478
1324,8,0,5,6,54,0,0
1322,8,0,5,6,52,1,445
1323,8,0,5,6,53,1,455
1319,5,13,5,14,60,0,0
1326,8,0,5,6,56,1,466
1325,8,0,5,6,55,1,441
1328,8,0,5,6,58,0,0
1321,8,0,5,6,51,2,1318
1327,8,0,5,6,57,0,0
1330,8,0,5,6,60,1,401
1329,8,0,5,6,59,1,537
1331,8,0,5,9,50,0,0
1333,8,0,5,9,52,1,440
1334,8,0,5,9,53,0,0
1332,8,0,5,9,51,0,0
1337,8,0,5,9,56,0,0
1336,8,0,5,9,55,0,0
1338,8,0,5,9,57,2,862
1339,8,0,5,9,58,1,535
1341,8,0,5,9,60,2,855
1343,8,0,5,11,51,2,888
1335,8,0,5,9,54,1,983
1342,8,0,5,11,50,0,0
1345,8,0,5,11,53,1,465
1344,8,0,5,11,52,2,976
1346,8,0,5,11,54,0,0
1350,8,0,5,11,58,1,578
1347,8,0,5,11,55,2,974
1340,8,0,5,9,59,0,0
1349,8,0,5,11,57,1,455
1353,8,0,5,14,50,0,0
1348,8,0,5,11,56,2,1053
1352,8,0,5,11,60,1,468
1351,8,0,5,11,59,1,419
1354,8,0,5,14,51,1,374
1355,8,0,5,14,52,1,421
1356,8,0,5,14,53,1,370
1357,8,0,5,14,54,0,0
1358,8,0,5,14,55,0,0
1359,8,0,5,14,56,0,0
1361,8,0,5,14,58,0,0
1362,8,0,5,14,59,1,420
1364,8,3,5,6,50,0,0
1363,8,0,5,14,60,2,904
1367,8,3,5,6,53,1,469
1360,8,0,5,14,57,2,1274
1365,8,3,5,6,51,0,0
1368,8,3,5,6,54,0,0
1370,8,3,5,6,56,1,384
1369,8,3,5,6,55,1,456
1372,8,3,5,6,58,0,0
1371,8,3,5,6,57,1,477
1373,8,3,5,6,59,1,474
1374,8,3,5,6,60,1,535
1375,8,3,5,9,50,0,0
1377,8,3,5,9,52,1,491
1376,8,3,5,9,51,0,0
1381,8,3,5,9,56,1,443
1378,8,3,5,9,53,0,0
1386,8,3,5,11,50,0,0
1380,8,3,5,9,55,1,467
1382,8,3,5,9,57,0,0
1384,8,3,5,9,59,1,404
1383,8,3,5,9,58,0,0
1387,8,3,5,11,51,0,0
1379,8,3,5,9,54,1,1077
1385,8,3,5,9,60,0,0
1389,8,3,5,11,53,0,0
1388,8,3,5,11,52,0,0
1390,8,3,5,11,54,0,0
1393,8,3,5,11,57,0,0
1391,8,3,5,11,55,0,0
1392,8,3,5,11,56,1,493
1394,8,3,5,11,58,1,515
1396,8,3,5,11,60,1,516
1399,8,3,5,14,52,1,385
1395,8,3,5,11,59,0,0
1397,8,3,5,14,50,0,0
1398,8,3,5,14,51,1,426
1400,8,3,5,14,53,0,0
1403,8,3,5,14,56,0,0
1401,8,3,5,14,54,0,0
1402,8,3,5,14,55,0,0
1404,8,3,5,14,57,1,482
1405,8,3,5,14,58,0,0
1406,8,3,5,14,59,1,443
1409,8,5,5,6,51,0,0
1408,8,5,5,6,50,1,481
1407,8,3,5,14,60,1,662
1411,8,5,5,6,53,0,0
1412,8,5,5,6,54,2,935
1410,8,5,5,6,52,1,457
1415,8,5,5,6,57,0,0
1414,8,5,5,6,56,1,436
1419,8,5,5,9,50,1,431
1417,8,5,5,6,59,1,518
1420,8,5,5,9,51,0,0
1416,8,5,5,6,58,1,546
1413,8,5,5,6,55,2,1209
1421,8,5,5,9,52,1,405
1418,8,5,5,6,60,1,540
1422,8,5,5,9,53,0,0
1423,8,5,5,9,54,0,0
1425,8,5,5,9,56,0,0
1424,8,5,5,9,55,0,0
1432,8,5,5,11,52,1,375
1429,8,5,5,9,60,1,454
1427,8,5,5,9,58,0,0
1428,8,5,5,9,59,0,0
1433,8,5,5,11,53,0,0
1435,8,5,5,11,55,1,427
1426,8,5,5,9,57,1,821
1430,8,5,5,11,50,0,0
1434,8,5,5,11,54,0,0
1431,8,5,5,11,51,0,0
1437,8,5,5,11,57,1,460
1436,8,5,5,11,56,2,1055
1438,8,5,5,11,58,1,512
1442,8,5,5,14,51,0,0
1440,8,5,5,11,60,1,556
1441,8,5,5,14,50,1,525
1444,8,5,5,14,53,0,0
1439,8,5,5,11,59,1,762
1445,8,5,5,14,54,2,958
1443,8,5,5,14,52,0,0
1446,8,5,5,14,55,0,0
1449,8,5,5,14,58,0,0
1447,8,5,5,14,56,0,0
1448,8,5,5,14,57,1,547
1451,8,5,5,14,60,1,500
1366,8,3,5,6,52,0,0
1452,8,8,5,6,50,1,474
1453,8,8,5,6,51,0,0
1450,8,5,5,14,59,0,0
1457,8,8,5,6,55,1,407
1456,8,8,5,6,54,0,0
1459,8,8,5,6,57,0,0
1455,8,8,5,6,53,1,521
1454,8,8,5,6,52,0,0
1458,8,8,5,6,56,2,1039
1460,8,8,5,6,58,1,506
1462,8,8,5,6,60,0,0
1461,8,8,5,6,59,1,462
1463,8,8,5,9,50,0,0
1464,8,8,5,9,51,1,464
1466,8,8,5,9,53,1,482
1469,8,8,5,9,56,1,414
1467,8,8,5,9,54,0,0
1465,8,8,5,9,52,1,552
1468,8,8,5,9,55,0,0
1474,8,8,5,11,50,0,0
1470,8,8,5,9,57,0,0
1471,8,8,5,9,58,1,550
1472,8,8,5,9,59,1,460
1483,8,8,5,11,59,0,0
1476,8,8,5,11,52,0,0
1475,8,8,5,11,51,0,0
1479,8,8,5,11,55,0,0
1481,8,8,5,11,57,1,460
1477,8,8,5,11,53,0,0
1478,8,8,5,11,54,2,1063
1480,8,8,5,11,56,1,680
1482,8,8,5,11,58,0,0
1486,8,8,5,14,51,0,0
1485,8,8,5,14,50,0,0
1487,8,8,5,14,52,0,0
1484,8,8,5,11,60,0,0
1488,8,8,5,14,53,0,0
1473,8,8,5,9,60,2,1902
1490,8,8,5,14,55,1,492
1489,8,8,5,14,54,1,529
1496,8,11,5,6,50,1,468
1492,8,8,5,14,57,0,0
1495,8,8,5,14,60,0,0
1494,8,8,5,14,59,2,1050
1491,8,8,5,14,56,1,451
1497,8,11,5,6,51,0,0
1500,8,11,5,6,54,0,0
1493,8,8,5,14,58,0,0
1502,8,11,5,6,56,1,394
1498,8,11,5,6,52,2,1299
1501,8,11,5,6,55,2,1103
1499,8,11,5,6,53,0,0
1503,8,11,5,6,57,1,454
1504,8,11,5,6,58,1,469
1505,8,11,5,6,59,2,913
1508,8,11,5,9,51,1,438
1512,8,11,5,9,55,1,365
1507,8,11,5,9,50,0,0
1511,8,11,5,9,54,2,826
1509,8,11,5,9,52,0,0
1510,8,11,5,9,53,1,428
1506,8,11,5,6,60,1,634
1513,8,11,5,9,56,1,467
1514,8,11,5,9,57,2,933
1515,8,11,5,9,58,1,551
1516,8,11,5,9,59,2,895
1518,8,11,5,11,50,0,0
1517,8,11,5,9,60,0,0
1519,8,11,5,11,51,2,983
1520,8,11,5,11,52,1,443
1522,8,11,5,11,54,1,367
1523,8,11,5,11,55,0,0
1526,8,11,5,11,58,1,454
1525,8,11,5,11,57,1,476
1527,8,11,5,11,59,1,425
1524,8,11,5,11,56,1,527
1528,8,11,5,11,60,2,1005
1529,8,11,5,14,50,0,0
1521,8,11,5,11,53,1,1011
1530,8,11,5,14,51,2,1105
1531,8,11,5,14,52,1,498
1533,8,11,5,14,54,1,443
1532,8,11,5,14,53,2,1137
1536,8,11,5,14,57,2,844
1534,8,11,5,14,55,1,459
1535,8,11,5,14,56,0,0
1538,8,11,5,14,59,0,0
1537,8,11,5,14,58,1,483
1540,8,13,5,6,50,1,443
1541,8,13,5,6,51,1,396
1539,8,11,5,14,60,2,886
1544,8,13,5,6,54,1,502
1546,8,13,5,6,56,1,424
1542,8,13,5,6,52,1,561
1545,8,13,5,6,55,1,493
1543,8,13,5,6,53,2,1309
1547,8,13,5,6,57,1,710
1551,8,13,5,9,50,1,388
1548,8,13,5,6,58,1,624
1550,8,13,5,6,60,2,900
1554,8,13,5,9,53,1,422
1549,8,13,5,6,59,0,0
1552,8,13,5,9,51,1,456
1556,8,13,5,9,55,1,466
1553,8,13,5,9,52,0,0
1557,8,13,5,9,56,2,1026
1558,8,13,5,9,57,2,1002
1555,8,13,5,9,54,0,0
1559,8,13,5,9,58,0,0
1562,8,13,5,11,50,1,480
1561,8,13,5,9,60,2,1027
1564,8,13,5,11,52,1,381
1565,8,13,5,11,53,1,395
1567,8,13,5,11,55,0,0
1563,8,13,5,11,51,1,659
1560,8,13,5,9,59,1,729
1566,8,13,5,11,54,0,0
1568,8,13,5,11,56,1,494
1569,8,13,5,11,57,1,462
1570,8,13,5,11,58,1,450
1571,8,13,5,11,59,1,517
1573,8,13,5,14,50,1,463
1572,8,13,5,11,60,1,434
1574,8,13,5,14,51,2,1064
1575,8,13,5,14,52,0,0
1577,8,13,5,14,54,0,0
1578,8,13,5,14,55,1,510
1580,8,13,5,14,57,0,0
1579,8,13,5,14,56,0,0
1576,8,13,5,14,53,1,606
1583,8,13,5,14,60,2,1032
1582,8,13,5,14,59,0,0
1584,11,0,5,6,50,1,519
1581,8,13,5,14,58,1,466
1585,11,0,5,6,51,1,499
1586,11,0,5,6,52,2,994
1587,11,0,5,6,53,0,0
1588,11,0,5,6,54,0,0
1590,11,0,5,6,56,1,454
1589,11,0,5,6,55,0,0
1593,11,0,5,6,59,1,434
1592,11,0,5,6,58,1,438
1594,11,0,5,6,60,0,0
1595,11,0,5,9,50,0,0
1591,11,0,5,6,57,0,0
1596,11,0,5,9,51,1,440
1599,11,0,5,9,54,0,0
1600,11,0,5,9,55,0,0
1597,11,0,5,9,52,1,379
1598,11,0,5,9,53,0,0
1602,11,0,5,9,57,1,430
1607,11,0,5,11,51,0,0
1603,11,0,5,9,58,1,497
1605,11,0,5,9,60,0,0
1601,11,0,5,9,56,1,654
1604,11,0,5,9,59,0,0
1606,11,0,5,11,50,0,0
1611,11,0,5,11,55,2,868
1612,11,0,5,11,56,1,357
1610,11,0,5,11,54,2,907
1609,11,0,5,11,53,1,430
1608,11,0,5,11,52,0,0
1613,11,0,5,11,57,2,922
1615,11,0,5,11,59,1,443
1614,11,0,5,11,58,2,1079
1616,11,0,5,11,60,2,970
1620,11,0,5,14,53,0,0
1619,11,0,5,14,52,0,0
1622,11,0,5,14,55,0,0
1617,11,0,5,14,50,0,0
1618,11,0,5,14,51,0,0
1621,11,0,5,14,54,1,523
1623,11,0,5,14,56,0,0
1624,11,0,5,14,57,0,0
1626,11,0,5,14,59,1,372
1628,11,3,5,6,50,0,0
1625,11,0,5,14,58,0,0
1627,11,0,5,14,60,1,545
1629,11,3,5,6,51,1,575
1630,11,3,5,6,52,0,0
1631,11,3,5,6,53,0,0
1634,11,3,5,6,56,0,0
1635,11,3,5,6,57,0,0
1633,11,3,5,6,55,0,0
1632,11,3,5,6,54,1,705
1638,11,3,5,6,60,0,0
1639,11,3,5,9,50,1,425
1640,11,3,5,9,51,0,0
1643,11,3,5,9,54,0,0
1641,11,3,5,9,52,1,453
1642,11,3,5,9,53,0,0
1636,11,3,5,6,58,0,0
1646,11,3,5,9,57,1,402
1644,11,3,5,9,55,0,0
1647,11,3,5,9,58,2,828
1645,11,3,5,9,56,0,0
1648,11,3,5,9,59,1,445
1651,11,3,5,11,51,0,0
1650,11,3,5,11,50,1,458
1652,11,3,5,11,52,1,446
1649,11,3,5,9,60,1,491
1653,11,3,5,11,53,1,459
1654,11,3,5,11,54,0,0
1655,11,3,5,11,55,0,0
1656,11,3,5,11,56,1,455
1657,11,3,5,11,57,0,0
1663,11,3,5,14,52,0,0
1658,11,3,5,11,58,2,902
1661,11,3,5,14,50,0,0
1660,11,3,5,11,60,0,0
1667,11,3,5,14,56,1,441
1662,11,3,5,14,51,1,389
1664,11,3,5,14,53,0,0
1665,11,3,5,14,54,1,438
1659,11,3,5,11,59,0,0
1666,11,3,5,14,55,0,0
1669,11,3,5,14,58,1,423
1668,11,3,5,14,57,1,438
1670,11,3,5,14,59,0,0
1671,11,3,5,14,60,1,489
1672,11,5,5,6,50,1,383
1673,11,5,5,6,51,1,465
1674,11,5,5,6,52,0,0
1675,11,5,5,6,53,1,429
1676,11,5,5,6,54,1,385
1679,11,5,5,6,57,0,0
1677,11,5,5,6,55,0,0
1681,11,5,5,6,59,0,0
1680,11,5,5,6,58,2,860
1682,11,5,5,6,60,0,0
1678,11,5,5,6,56,0,0
1683,11,5,5,9,50,1,424
1685,11,5,5,9,52,0,0
1684,11,5,5,9,51,0,0
1686,11,5,5,9,53,1,469
1687,11,5,5,9,54,1,373
1690,11,5,5,9,57,0,0
1695,11,5,5,11,51,0,0
1688,11,5,5,9,55,1,596
1691,11,5,5,9,58,1,437
1697,11,5,5,11,53,1,462
1694,11,5,5,11,50,1,441
1692,11,5,5,9,59,0,0
1693,11,5,5,9,60,1,523
1689,11,5,5,9,56,1,456
1696,11,5,5,11,52,1,485
1698,11,5,5,11,54,1,479
1701,11,5,5,11,57,0,0
1700,11,5,5,11,56,0,0
1702,11,5,5,11,58,1,424
1699,11,5,5,11,55,0,0
1706,11,5,5,14,51,0,0
1707,11,5,5,14,52,0,0
1703,11,5,5,11,59,1,655
1709,11,5,5,14,54,1,397
1704,11,5,5,11,60,1,512
1708,11,5,5,14,53,0,0
1711,11,5,5,14,56,1,408
1710,11,5,5,14,55,1,543
1705,11,5,5,14,50,1,775
1712,11,5,5,14,57,1,663
1713,11,5,5,14,58,1,456
1716,11,8,5,6,50,0,0
1715,11,5,5,14,60,1,619
1717,11,8,5,6,51,0,0
1714,11,5,5,14,59,1,603
1718,11,8,5,6,52,1,435
1719,11,8,5,6,53,0,0
1722,11,8,5,6,56,2,855
1637,11,3,5,6,59,1,561
1721,11,8,5,6,55,0,0
1723,11,8,5,6,57,0,0
1720,11,8,5,6,54,1,449
1725,11,8,5,6,59,2,901
1724,11,8,5,6,58,0,0
1727,11,8,5,9,50,0,0
1726,11,8,5,6,60,2,923
1728,11,8,5,9,51,1,527
1730,11,8,5,9,53,0,0
1734,11,8,5,9,57,0,0
1729,11,8,5,9,52,1,571
1731,11,8,5,9,54,1,551
1733,11,8,5,9,56,0,0
1732,11,8,5,9,55,2,1047
1736,11,8,5,9,59,1,478
1738,11,8,5,11,50,0,0
1737,11,8,5,9,60,1,455
1735,11,8,5,9,58,2,1037
1742,11,8,5,11,54,1,563
1743,11,8,5,11,55,2,837
1740,11,8,5,11,52,0,0
1741,11,8,5,11,53,0,0
1744,11,8,5,11,56,0,0
1739,11,8,5,11,51,1,778
1749,11,8,5,14,50,0,0
1745,11,8,5,11,57,0,0
1748,11,8,5,11,60,0,0
1752,11,8,5,14,53,0,0
1750,11,8,5,14,51,0,0
1751,11,8,5,14,52,0,0
1753,11,8,5,14,54,0,0
1746,11,8,5,11,58,1,381
1754,11,8,5,14,55,0,0
1747,11,8,5,11,59,1,464
1758,11,8,5,14,59,0,0
1755,11,8,5,14,56,0,0
1759,11,8,5,14,60,1,415
1760,11,11,5,6,50,1,408
1757,11,8,5,14,58,1,613
1756,11,8,5,14,57,2,1206
1764,11,11,5,6,54,0,0
1762,11,11,5,6,52,0,0
1763,11,11,5,6,53,0,0
1761,11,11,5,6,51,0,0
1766,11,11,5,6,56,0,0
1769,11,11,5,6,59,1,419
1771,11,11,5,9,50,0,0
1770,11,11,5,6,60,2,974
1767,11,11,5,6,57,2,1022
1768,11,11,5,6,58,1,487
1765,11,11,5,6,55,0,0
1772,11,11,5,9,51,0,0
1774,11,11,5,9,53,0,0
1773,11,11,5,9,52,0,0
1775,11,11,5,9,54,0,0
1776,11,11,5,9,55,1,534
1777,11,11,5,9,56,1,430
1778,11,11,5,9,57,1,443
1779,11,11,5,9,58,2,925
1780,11,11,5,9,59,2,1031
1784,11,11,5,11,52,1,416
1783,11,11,5,11,51,0,0
1786,11,11,5,11,54,1,426
1785,11,11,5,11,53,0,0
1787,11,11,5,11,55,0,0
1782,11,11,5,11,50,0,0
1781,11,11,5,9,60,1,489
1789,11,11,5,11,57,1,545
1788,11,11,5,11,56,1,522
1790,11,11,5,11,58,0,0
1792,11,11,5,11,60,2,823
1791,11,11,5,11,59,2,919
1795,11,11,5,14,52,0,0
1794,11,11,5,14,51,0,0
1793,11,11,5,14,50,0,0
1803,11,11,5,14,60,0,0
1797,11,11,5,14,54,0,0
1800,11,11,5,14,57,1,420
1796,11,11,5,14,53,1,505
1799,11,11,5,14,56,1,446
1802,11,11,5,14,59,0,0
1805,11,13,5,6,51,2,845
1798,11,11,5,14,55,1,524
1807,11,13,5,6,53,0,0
1804,11,13,5,6,50,1,475
1801,11,11,5,14,58,1,449
1806,11,13,5,6,52,0,0
1808,11,13,5,6,54,1,536
1811,11,13,5,6,57,2,816
1810,11,13,5,6,56,1,461
1809,11,13,5,6,55,0,0
1812,11,13,5,6,58,2,927
1813,11,13,5,6,59,2,901
1819,11,13,5,9,54,1,440
1818,11,13,5,9,53,0,0
1824,11,13,5,9,59,1,419
1814,11,13,5,6,60,0,0
1822,11,13,5,9,57,1,432
1821,11,13,5,9,56,0,0
1816,11,13,5,9,51,1,668
1820,11,13,5,9,55,2,1076
1817,11,13,5,9,52,1,524
1823,11,13,5,9,58,0,0
1827,11,13,5,11,51,0,0
1826,11,13,5,11,50,1,626
1825,11,13,5,9,60,2,1104
1828,11,13,5,11,52,0,0
1831,11,13,5,11,55,1,445
1830,11,13,5,11,54,1,424
1829,11,13,5,11,53,0,0
1832,11,13,5,11,56,0,0
1834,11,13,5,11,58,2,855
1833,11,13,5,11,57,2,876
1837,11,13,5,14,50,1,412
1838,11,13,5,14,51,0,0
1835,11,13,5,11,59,2,955
1840,11,13,5,14,53,0,0
1836,11,13,5,11,60,1,513
1839,11,13,5,14,52,1,581
1841,11,13,5,14,54,0,0
1842,11,13,5,14,55,0,0
1844,11,13,5,14,57,0,0
1843,11,13,5,14,56,1,475
1845,11,13,5,14,58,1,496
1846,11,13,5,14,59,1,523
1847,11,13,5,14,60,1,426
1848,13,0,5,6,50,0,0
1850,13,0,5,6,52,1,388
1851,13,0,5,6,53,0,0
1849,13,0,5,6,51,1,556
1852,13,0,5,6,54,0,0
1855,13,0,5,6,57,0,0
1854,13,0,5,6,56,0,0
1853,13,0,5,6,55,0,0
1859,13,0,5,9,50,0,0
1856,13,0,5,6,58,0,0
1857,13,0,5,6,59,1,445
1860,13,0,5,9,51,0,0
1861,13,0,5,9,52,1,384
1862,13,0,5,9,53,1,494
1858,13,0,5,6,60,2,1106
1863,13,0,5,9,54,0,0
1866,13,0,5,9,57,1,467
1864,13,0,5,9,55,1,486
1867,13,0,5,9,58,1,459
1865,13,0,5,9,56,0,0
1868,13,0,5,9,59,2,920
1870,13,0,5,11,50,0,0
1871,13,0,5,11,51,1,436
1869,13,0,5,9,60,2,1029
1872,13,0,5,11,52,0,0
1873,13,0,5,11,53,1,449
1875,13,0,5,11,55,0,0
1876,13,0,5,11,56,0,0
1874,13,0,5,11,54,2,934
1878,13,0,5,11,58,1,488
1877,13,0,5,11,57,0,0
1879,13,0,5,11,59,1,438
1881,13,0,5,14,50,0,0
1880,13,0,5,11,60,0,0
1882,13,0,5,14,51,0,0
1886,13,0,5,14,55,0,0
1883,13,0,5,14,52,1,420
1884,13,0,5,14,53,1,450
1885,13,0,5,14,54,0,0
1887,13,0,5,14,56,0,0
1890,13,0,5,14,59,1,369
1891,13,0,5,14,60,1,362
1888,13,0,5,14,57,2,935
1892,13,3,5,6,50,0,0
1889,13,0,5,14,58,0,0
1893,13,3,5,6,51,0,0
1895,13,3,5,6,53,1,451
1894,13,3,5,6,52,0,0
1896,13,3,5,6,54,0,0
1898,13,3,5,6,56,0,0
1815,11,13,5,9,50,0,0
1897,13,3,5,6,55,0,0
1902,13,3,5,6,60,0,0
1904,13,3,5,9,51,0,0
1903,13,3,5,9,50,1,392
1899,13,3,5,6,57,2,1243
1905,13,3,5,9,52,0,0
1907,13,3,5,9,54,1,550
1906,13,3,5,9,53,1,536
1901,13,3,5,6,59,1,875
1908,13,3,5,9,55,2,926
1910,13,3,5,9,57,1,398
1909,13,3,5,9,56,0,0
1911,13,3,5,9,58,0,0
1913,13,3,5,9,60,0,0
1914,13,3,5,11,50,0,0
1912,13,3,5,9,59,0,0
1917,13,3,5,11,53,0,0
1915,13,3,5,11,51,0,0
1916,13,3,5,11,52,0,0
1918,13,3,5,11,54,1,559
1924,13,3,5,11,60,0,0
1919,13,3,5,11,55,0,0
1922,13,3,5,11,58,1,410
1920,13,3,5,11,56,1,501
1921,13,3,5,11,57,1,551
1923,13,3,5,11,59,2,980
1926,13,3,5,14,51,0,0
1925,13,3,5,14,50,0,0
1927,13,3,5,14,52,1,564
1932,13,3,5,14,57,1,433
1931,13,3,5,14,56,1,417
1936,13,5,5,6,50,0,0
1929,13,3,5,14,54,2,1423
1935,13,3,5,14,60,0,0
1928,13,3,5,14,53,1,927
1934,13,3,5,14,59,2,1036
1939,13,5,5,6,53,0,0
1937,13,5,5,6,51,0,0
1938,13,5,5,6,52,1,567
1933,13,3,5,14,58,1,448
1940,13,5,5,6,54,2,940
1941,13,5,5,6,55,1,606
1942,13,5,5,6,56,0,0
1943,13,5,5,6,57,1,451
1944,13,5,5,6,58,0,0
1948,13,5,5,9,51,0,0
1947,13,5,5,9,50,1,377
1946,13,5,5,6,60,0,0
1949,13,5,5,9,52,0,0
1945,13,5,5,6,59,0,0
1951,13,5,5,9,54,1,385
1950,13,5,5,9,53,0,0
1954,13,5,5,9,57,1,421
1952,13,5,5,9,55,0,0
1953,13,5,5,9,56,0,0
1955,13,5,5,9,58,1,487
1958,13,5,5,11,50,0,0
1960,13,5,5,11,52,1,489
1956,13,5,5,9,59,0,0
1957,13,5,5,9,60,2,999
1959,13,5,5,11,51,0,0
1962,13,5,5,11,54,0,0
1963,13,5,5,11,55,1,405
1961,13,5,5,11,53,1,454
1965,13,5,5,11,57,1,444
1966,13,5,5,11,58,1,433
1964,13,5,5,11,56,1,534
1968,13,5,5,11,60,1,498
1967,13,5,5,11,59,0,0
1971,13,5,5,14,52,1,427
1969,13,5,5,14,50,1,528
1972,13,5,5,14,53,0,0
1970,13,5,5,14,51,1,492
1973,13,5,5,14,54,1,434
1975,13,5,5,14,56,1,489
1980,13,8,5,6,50,0,0
1977,13,5,5,14,58,1,476
1976,13,5,5,14,57,2,1008
1974,13,5,5,14,55,0,0
1978,13,5,5,14,59,0,0
1900,13,3,5,6,58,1,491
1979,13,5,5,14,60,0,0
1982,13,8,5,6,52,0,0
1981,13,8,5,6,51,0,0
1983,13,8,5,6,53,0,0
1986,13,8,5,6,56,1,483
1984,13,8,5,6,54,0,0
1989,13,8,5,6,59,1,377
1987,13,8,5,6,57,0,0
1988,13,8,5,6,58,1,433
1993,13,8,5,9,52,0,0
1991,13,8,5,9,50,1,378
1990,13,8,5,6,60,2,913
1992,13,8,5,9,51,1,445
1994,13,8,5,9,53,0,0
1995,13,8,5,9,54,1,506
1996,13,8,5,9,55,0,0
2002,13,8,5,11,50,0,0
1997,13,8,5,9,56,0,0
2000,13,8,5,9,59,1,455
1999,13,8,5,9,58,0,0
1998,13,8,5,9,57,0,0
2001,13,8,5,9,60,1,503
2005,13,8,5,11,53,0,0
2004,13,8,5,11,52,0,0
2003,13,8,5,11,51,0,0
2006,13,8,5,11,54,0,0
2007,13,8,5,11,55,0,0
1930,13,3,5,14,55,0,0
2008,13,8,5,11,56,1,499
2010,13,8,5,11,58,2,909
2011,13,8,5,11,59,1,470
2009,13,8,5,11,57,2,1170
2015,13,8,5,14,52,0,0
2013,13,8,5,14,50,0,0
2014,13,8,5,14,51,1,438
2012,13,8,5,11,60,2,970
2016,13,8,5,14,53,0,0
2017,13,8,5,14,54,1,646
2019,13,8,5,14,56,0,0
2018,13,8,5,14,55,1,562
2022,13,8,5,14,59,1,465
2020,13,8,5,14,57,1,506
2024,13,11,5,6,50,0,0
2021,13,8,5,14,58,1,469
2023,13,8,5,14,60,0,0
2025,13,11,5,6,51,0,0
2029,13,11,5,6,55,0,0
2026,13,11,5,6,52,0,0
2027,13,11,5,6,53,2,1023
2028,13,11,5,6,54,1,426
2031,13,11,5,6,57,1,469
2030,13,11,5,6,56,0,0
2032,13,11,5,6,58,1,367
2034,13,11,5,6,60,1,437
2033,13,11,5,6,59,1,417
2037,13,11,5,9,52,1,441
2036,13,11,5,9,51,2,930
2039,13,11,5,9,54,1,486
2038,13,11,5,9,53,0,0
2041,13,11,5,9,56,1,481
2040,13,11,5,9,55,1,369
2042,13,11,5,9,57,1,374
2043,13,11,5,9,58,2,856
2045,13,11,5,9,60,2,943
2047,13,11,5,11,51,1,427
2044,13,11,5,9,59,0,0
2051,13,11,5,11,55,0,0
2046,13,11,5,11,50,1,459
2048,13,11,5,11,52,1,448
2050,13,11,5,11,54,2,863
2049,13,11,5,11,53,2,1183
2053,13,11,5,11,57,2,954
2052,13,11,5,11,56,2,996
2055,13,11,5,11,59,1,511
2059,13,11,5,14,52,0,0
2054,13,11,5,11,58,2,876
2056,13,11,5,11,60,2,910
2062,13,11,5,14,55,0,0
2060,13,11,5,14,53,0,0
2058,13,11,5,14,51,0,0
2057,13,11,5,14,50,0,0
2063,13,11,5,14,56,0,0
2061,13,11,5,14,54,0,0
2064,13,11,5,14,57,2,862
2065,13,11,5,14,58,2,948
2067,13,11,5,14,60,0,0
1985,13,8,5,6,55,0,0
2066,13,11,5,14,59,0,0
2068,13,13,5,6,50,1,466
2069,13,13,5,6,51,2,992
2075,13,13,5,6,57,1,418
2070,13,13,5,6,52,1,671
2072,13,13,5,6,54,2,1009
2076,13,13,5,6,58,1,439
2073,13,13,5,6,55,0,0
2074,13,13,5,6,56,0,0
2078,13,13,5,6,60,0,0
2082,13,13,5,9,53,0,0
2071,13,13,5,6,53,1,614
2079,13,13,5,9,50,1,389
2077,13,13,5,6,59,1,578
2080,13,13,5,9,51,2,903
2081,13,13,5,9,52,0,0
2083,13,13,5,9,54,1,449
2084,13,13,5,9,55,0,0
2086,13,13,5,9,57,2,931
2090,13,13,5,11,50,1,495
2087,13,13,5,9,58,2,958
2085,13,13,5,9,56,0,0
2094,13,13,5,11,54,2,838
2089,13,13,5,9,60,2,1018
2091,13,13,5,11,51,1,445
2093,13,13,5,11,53,2,977
2088,13,13,5,9,59,0,0
2092,13,13,5,11,52,2,1075
2097,13,13,5,11,57,2,820
2095,13,13,5,11,55,1,463
2096,13,13,5,11,56,0,0
2104,13,13,5,14,53,1,445
2098,13,13,5,11,58,2,959
2101,13,13,5,14,50,0,0
2099,13,13,5,11,59,1,479
2102,13,13,5,14,51,1,449
2107,13,13,5,14,56,1,526
2105,13,13,5,14,54,1,467
2109,13,13,5,14,58,1,429
2103,13,13,5,14,52,0,0
2100,13,13,5,11,60,0,0
2106,13,13,5,14,55,0,0
2111,13,13,5,14,60,1,380
2108,13,13,5,14,57,1,775
2110,13,13,5,14,59,1,565
2035,13,11,5,9,50,1,541
